,loss,acc,auc,val_loss,val_acc,val_auc
0,53.904640197753906,0.5215908885002136,0.5193052291870117,53.59931182861328,0.5909090638160706,0.6610036492347717
1,53.64193344116211,0.5727272629737854,0.5924199819564819,53.41669845581055,0.6136363744735718,0.6634011268615723
2,53.51711654663086,0.5556818246841431,0.5654467940330505,53.2352180480957,0.6227272748947144,0.6626157164573669
3,53.29245376586914,0.5738636255264282,0.6043827533721924,53.05572509765625,0.5954545736312866,0.6631530523300171
4,53.165283203125,0.5477272868156433,0.5652479529380798,52.87651443481445,0.6045454740524292,0.664269208908081
5,52.95017623901367,0.5602272748947144,0.5896255373954773,52.69874954223633,0.6045454740524292,0.6642278432846069
6,52.78521728515625,0.5443181991577148,0.5827118158340454,52.52170944213867,0.6045454740524292,0.6648891568183899
7,52.6316032409668,0.5636363625526428,0.5745480060577393,52.34605026245117,0.6000000238418579,0.6656745672225952
8,52.45036315917969,0.5545454621315002,0.5819860696792603,52.170921325683594,0.6136363744735718,0.6658399105072021
9,52.242584228515625,0.5693181753158569,0.6024818420410156,51.9980583190918,0.6136363744735718,0.6656746864318848
10,52.06304168701172,0.5909090638160706,0.6058006286621094,51.82546615600586,0.6136363744735718,0.6659640073776245
11,51.85865020751953,0.5954545736312866,0.6327711939811707,51.653438568115234,0.6136363744735718,0.6671627759933472
12,51.73863983154297,0.5693181753158569,0.6028099060058594,51.482337951660156,0.6136363744735718,0.6665840148925781
13,51.528350830078125,0.5806818008422852,0.6163352727890015,51.310977935791016,0.6227272748947144,0.6662119626998901
14,51.37419509887695,0.5852272510528564,0.6153796315193176,51.140228271484375,0.6227272748947144,0.6677000522613525
15,51.185726165771484,0.5761363506317139,0.6290237903594971,50.9713249206543,0.6136363744735718,0.66728675365448
16,51.03355026245117,0.5909090638160706,0.6167536377906799,50.803409576416016,0.6181818246841431,0.6664599180221558
17,50.876651763916016,0.581818163394928,0.5979545712471008,50.63684844970703,0.6181818246841431,0.6664599776268005
18,50.70565414428711,0.5568181872367859,0.6007437705993652,50.46961212158203,0.6227272748947144,0.6660466194152832
19,50.53963851928711,0.5806818008422852,0.6061028242111206,50.30351257324219,0.6227272748947144,0.6680721044540405
20,50.3444709777832,0.5920454263687134,0.6252013444900513,50.137027740478516,0.6227272748947144,0.6662533283233643
21,50.19239044189453,0.6011363863945007,0.6192975044250488,49.97035217285156,0.6136363744735718,0.667410671710968
22,50.04885482788086,0.5590909123420715,0.5886750221252441,49.80217361450195,0.6227272748947144,0.6672453880310059
23,49.86015701293945,0.581818163394928,0.6094241142272949,49.63706588745117,0.6181818246841431,0.6678240895271301
24,49.706871032714844,0.5590909123420715,0.5974302291870117,49.47024154663086,0.6181818246841431,0.6675347089767456
25,49.495330810546875,0.581818163394928,0.6282773613929749,49.303672790527344,0.6136363744735718,0.6663773059844971
26,49.3492546081543,0.5897727012634277,0.6181585788726807,49.136253356933594,0.6136363744735718,0.666542649269104
27,49.167816162109375,0.5840908885002136,0.6257025003433228,48.96953201293945,0.6181818246841431,0.6679067611694336
28,49.0297737121582,0.5829545259475708,0.6124844551086426,48.80514907836914,0.6181818246841431,0.6693121790885925
29,48.90237808227539,0.5579545497894287,0.5811053514480591,48.64208984375,0.6181818246841431,0.6692708730697632
30,48.69266128540039,0.5852272510528564,0.6220093965530396,48.479610443115234,0.6272727251052856,0.6682373881340027
31,48.5219612121582,0.5874999761581421,0.619752049446106,48.3190803527832,0.6227272748947144,0.6677414178848267
32,48.405948638916016,0.5659090876579285,0.5950593948364258,48.15702819824219,0.6227272748947144,0.6684854626655579
33,48.210243225097656,0.6045454740524292,0.62605881690979,47.99637222290039,0.6227272748947144,0.6676587462425232
34,48.02055740356445,0.5886363387107849,0.6312474012374878,47.83739471435547,0.6136363744735718,0.6667493581771851
35,47.853271484375,0.5965909361839294,0.6407334804534912,47.676944732666016,0.6136363744735718,0.666046679019928
36,47.728572845458984,0.581818163394928,0.6185433864593506,47.517738342285156,0.6045454740524292,0.6663773059844971
37,47.53232955932617,0.5806818008422852,0.6345531940460205,47.35981369018555,0.6045454740524292,0.6651785373687744
38,47.380592346191406,0.6079545617103577,0.6313068270683289,47.201820373535156,0.6136363744735718,0.6678241491317749
39,47.20549392700195,0.5943182110786438,0.6405320167541504,47.04420852661133,0.6136363744735718,0.6684027910232544
40,47.07139205932617,0.6068181991577148,0.6334116458892822,46.885231018066406,0.6181818246841431,0.6665840148925781
41,46.8900032043457,0.5977272987365723,0.6393517255783081,46.728302001953125,0.6090909242630005,0.6666666269302368
42,46.801212310791016,0.5727272629737854,0.606887936592102,46.57135009765625,0.6045454740524292,0.6653025150299072
43,46.613319396972656,0.5886363387107849,0.6195454597473145,46.413814544677734,0.6136363744735718,0.6650959253311157
44,46.468727111816406,0.5784090757369995,0.615588903427124,46.25830078125,0.6136363744735718,0.6670800447463989
45,46.28314971923828,0.5681818127632141,0.6312835216522217,46.102725982666016,0.6136363744735718,0.6647238731384277
46,46.149532318115234,0.5874999761581421,0.610418438911438,45.948814392089844,0.6090909242630005,0.6639798283576965
47,45.9744987487793,0.5954545736312866,0.639736533164978,45.794822692871094,0.6136363744735718,0.6637731194496155
48,45.805843353271484,0.5784090757369995,0.637104868888855,45.64125442504883,0.6045454740524292,0.664806604385376
49,45.626956939697266,0.612500011920929,0.658633828163147,45.488441467285156,0.6000000238418579,0.6638558506965637
50,45.51001739501953,0.5772727131843567,0.6181043386459351,45.337650299072266,0.6000000238418579,0.6652199029922485
51,45.338172912597656,0.6034091114997864,0.6470919847488403,45.18567657470703,0.6045454740524292,0.6639797687530518
52,45.21527099609375,0.5795454382896423,0.6223787069320679,45.03507995605469,0.6045454740524292,0.6652199029922485
53,45.052738189697266,0.5784090757369995,0.6338506937026978,44.88652420043945,0.5954545736312866,0.6650131940841675
54,44.9025764465332,0.5784090757369995,0.627112627029419,44.73885726928711,0.6000000238418579,0.664641261100769
55,44.70452880859375,0.6227272748947144,0.6606430411338806,44.5905647277832,0.5909090638160706,0.6653438806533813
56,44.574466705322266,0.6011363863945007,0.6530888080596924,44.44143295288086,0.5954545736312866,0.6649718284606934
57,44.401214599609375,0.6272727251052856,0.6623088717460632,44.28947830200195,0.5954545736312866,0.6660879850387573
58,44.289146423339844,0.5988636612892151,0.6390417814254761,44.13859176635742,0.5954545736312866,0.6655919551849365
59,44.072975158691406,0.612500011920929,0.6796952486038208,43.98743438720703,0.6090909242630005,0.6656332015991211
60,44.002052307128906,0.5840908885002136,0.6231353282928467,43.835086822509766,0.6090909242630005,0.6662945747375488
61,43.854705810546875,0.5852272510528564,0.6316605806350708,43.6857795715332,0.6045454740524292,0.6658399105072021
62,43.709808349609375,0.5931817889213562,0.6333368420600891,43.53881072998047,0.6136363744735718,0.6655506491661072
63,43.542930603027344,0.6000000238418579,0.6404157876968384,43.39073944091797,0.6136363744735718,0.6661292314529419
64,43.39910888671875,0.5977272987365723,0.637048065662384,43.24199295043945,0.6136363744735718,0.665178656578064
65,43.271636962890625,0.5874999761581421,0.6291555166244507,43.09524154663086,0.6090909242630005,0.6647652387619019
66,43.16865539550781,0.581818163394928,0.6035717725753784,42.94633483886719,0.6090909242630005,0.6636905074119568
67,42.912723541259766,0.6238636374473572,0.6762784123420715,42.80075454711914,0.6136363744735718,0.6657986640930176
68,42.78885269165039,0.6090909242630005,0.6618492603302002,42.65597915649414,0.6090909242630005,0.6652199029922485
69,42.6778678894043,0.5806818008422852,0.6309272050857544,42.51161193847656,0.6136363744735718,0.6653853058815002
70,42.5021858215332,0.6238636374473572,0.6640702486038208,42.366268157958984,0.6181818246841431,0.6642691493034363
71,42.36857223510742,0.6022727489471436,0.6515728235244751,42.219913482666016,0.6090909242630005,0.663855791091919
72,42.212100982666016,0.6215909123420715,0.6600362062454224,42.07372283935547,0.6045454740524292,0.664269208908081
73,42.11421203613281,0.6000000238418579,0.625617265701294,41.92966079711914,0.6000000238418579,0.6639798283576965
74,41.97438430786133,0.5795454382896423,0.6221075057983398,41.786109924316406,0.6000000238418579,0.6655505895614624
75,41.785972595214844,0.6136363744735718,0.6561002135276794,41.64387130737305,0.6000000238418579,0.6657986044883728
76,41.64952850341797,0.5920454263687134,0.647316575050354,41.502410888671875,0.6045454740524292,0.6653853058815002
77,41.54258346557617,0.5977272987365723,0.6335150003433228,41.3620719909668,0.6000000238418579,0.6660466194152832
78,41.37382888793945,0.5931817889213562,0.642998456954956,41.2225456237793,0.6000000238418579,0.6648892164230347
79,41.222782135009766,0.6011363863945007,0.6502504348754883,41.083744049072266,0.6000000238418579,0.6645171642303467
80,41.10641098022461,0.5977272987365723,0.6392974853515625,40.94423294067383,0.6000000238418579,0.663483738899231
81,40.95128631591797,0.6147727370262146,0.6514384746551514,40.804500579833984,0.6045454740524292,0.6634011268615723
82,40.82239532470703,0.5909090638160706,0.6336440443992615,40.665733337402344,0.6045454740524292,0.6649305820465088
83,40.688323974609375,0.6045454740524292,0.6447805166244507,40.524593353271484,0.6045454740524292,0.6654266119003296
84,40.53102493286133,0.5965909361839294,0.6410459876060486,40.38589859008789,0.6045454740524292,0.6640625
85,40.410247802734375,0.5795454382896423,0.6284091472625732,40.24787521362305,0.6045454740524292,0.6642690896987915
86,40.26233673095703,0.6034091114997864,0.6394059658050537,40.110111236572266,0.6045454740524292,0.6652199029922485
87,40.12069320678711,0.5897727012634277,0.6446048021316528,39.972251892089844,0.6045454740524292,0.6652199029922485
88,39.997291564941406,0.5920454263687134,0.6359814405441284,39.83562088012695,0.6045454740524292,0.6657986640930176
89,39.84660720825195,0.5943182110786438,0.6379338502883911,39.70122146606445,0.6045454740524292,0.664434552192688
90,39.70537567138672,0.5954545736312866,0.6426368951797485,39.566192626953125,0.6045454740524292,0.6642278432846069
91,39.5621223449707,0.605681836605072,0.6572158932685852,39.4318962097168,0.6090909242630005,0.6650546193122864
92,39.438682556152344,0.6022727489471436,0.652949333190918,39.29635238647461,0.6000000238418579,0.6653439402580261
93,39.28752517700195,0.6034091114997864,0.6560434103012085,39.160396575927734,0.6000000238418579,0.6656333208084106
94,39.1773567199707,0.6022727489471436,0.6449896693229675,39.02614212036133,0.6000000238418579,0.6667079925537109
95,39.016395568847656,0.6227272748947144,0.6611182689666748,38.894046783447266,0.6090909242630005,0.6667079925537109
96,38.883522033691406,0.6034091114997864,0.6577091813087463,38.76177978515625,0.6136363744735718,0.6643518805503845
97,38.74314498901367,0.6215909123420715,0.6699509620666504,38.63053894042969,0.6090909242630005,0.6637731790542603
98,38.63123321533203,0.6079545617103577,0.6511699557304382,38.50011444091797,0.5909090638160706,0.6643105745315552
99,38.472721099853516,0.637499988079071,0.6707360744476318,38.36829376220703,0.5909090638160706,0.6629050970077515
100,38.3784294128418,0.6011363863945007,0.6387474536895752,38.23407745361328,0.6045454740524292,0.6649718880653381
101,38.23991394042969,0.5977272987365723,0.6510872840881348,38.10047912597656,0.6090909242630005,0.6637318134307861
102,38.081180572509766,0.6170454621315002,0.6671565771102905,37.968387603759766,0.6045454740524292,0.664434552192688
103,37.99694061279297,0.5965909361839294,0.6354777812957764,37.83758544921875,0.6000000238418579,0.6648892164230347
104,37.82587432861328,0.6079545617103577,0.6562862396240234,37.705604553222656,0.5954545736312866,0.6649305820465088
105,37.69870376586914,0.6011363863945007,0.6548450589179993,37.57202911376953,0.6000000238418579,0.663690447807312
106,37.54361343383789,0.6090909242630005,0.6761698722839355,37.44141387939453,0.6000000238418579,0.664641261100769
107,37.44580841064453,0.6136363744735718,0.6494756937026978,37.313594818115234,0.5954545736312866,0.6627811193466187
108,37.3108024597168,0.6215909123420715,0.6553847789764404,37.18537521362305,0.6000000238418579,0.6625331044197083
109,37.18772888183594,0.5977272987365723,0.6455733776092529,37.0577278137207,0.6000000238418579,0.6620370149612427
110,37.03972244262695,0.6238636374473572,0.6653822064399719,36.93075180053711,0.6000000238418579,0.6615409851074219
111,36.924312591552734,0.6136363744735718,0.6561105251312256,36.80254364013672,0.5954545736312866,0.6629464626312256
112,36.79011917114258,0.625,0.6610925197601318,36.67332077026367,0.6045454740524292,0.6618303060531616
113,36.660194396972656,0.6113636493682861,0.6624664068222046,36.54747009277344,0.6045454740524292,0.6629878282546997
114,36.512908935546875,0.6193181872367859,0.6711543798446655,36.41962814331055,0.6000000238418579,0.6629050970077515
115,36.417728424072266,0.605681836605072,0.6587551832199097,36.29150390625,0.6000000238418579,0.6611690521240234
116,36.292335510253906,0.5920454263687134,0.6494395732879639,36.16471862792969,0.5954545736312866,0.6606730222702026
117,36.161495208740234,0.6204545497894287,0.6559478640556335,36.037906646728516,0.6000000238418579,0.6595155596733093
118,36.022377014160156,0.6045454740524292,0.668716549873352,35.91227722167969,0.5954545736312866,0.658440887928009
119,35.92277908325195,0.6102272868156433,0.6522055268287659,35.786293029785156,0.5954545736312866,0.6575727462768555
120,35.744895935058594,0.6227272748947144,0.6865108013153076,35.661109924316406,0.5909090638160706,0.6567460298538208
121,35.657814025878906,0.6022727489471436,0.6506714820861816,35.536521911621094,0.5909090638160706,0.6560020446777344
122,35.56954574584961,0.6011363863945007,0.6329054832458496,35.41112518310547,0.5863636136054993,0.6576141119003296
123,35.40088653564453,0.6215909123420715,0.6569370031356812,35.285804748535156,0.5954545736312866,0.6601768732070923
124,35.325721740722656,0.5909090638160706,0.6308315992355347,35.16058349609375,0.6045454740524292,0.6629877686500549
125,35.13389587402344,0.637499988079071,0.6919008493423462,35.0361213684082,0.6045454740524292,0.6625744104385376
126,35.024105072021484,0.6238636374473572,0.6682876944541931,34.91279983520508,0.6045454740524292,0.6620370745658875
127,34.89429473876953,0.6409090757369995,0.6795892715454102,34.79044723510742,0.6045454740524292,0.6626983880996704
128,34.803131103515625,0.6022727489471436,0.6582024693489075,34.66969680786133,0.6045454740524292,0.6609623432159424
129,34.652442932128906,0.6181818246841431,0.6798450946807861,34.54718780517578,0.6045454740524292,0.6600115895271301
130,34.528472900390625,0.6159090995788574,0.6721874475479126,34.426483154296875,0.6045454740524292,0.6599289178848267
131,34.414947509765625,0.6193181872367859,0.673744797706604,34.30707931518555,0.6045454740524292,0.6592261791229248
132,34.280914306640625,0.6284090876579285,0.6848578453063965,34.186161041259766,0.6000000238418579,0.658730149269104
133,34.18354415893555,0.6215909123420715,0.6619652509689331,34.0660400390625,0.6000000238418579,0.6546792387962341
134,34.07896423339844,0.6068181991577148,0.6469937562942505,33.9472770690918,0.6000000238418579,0.6534391641616821
135,33.93207931518555,0.6284090876579285,0.6819524765014648,33.82735824584961,0.6045454740524292,0.6546792984008789
136,33.791351318359375,0.6454545259475708,0.6906430721282959,33.70913314819336,0.5909090638160706,0.6533564925193787
137,33.71274948120117,0.6181818246841431,0.662954568862915,33.590518951416016,0.5954545736312866,0.649181604385376
138,33.58494186401367,0.637499988079071,0.6724638342857361,33.472816467285156,0.5863636136054993,0.6489336490631104
139,33.478065490722656,0.6045454740524292,0.6492974758148193,33.35574722290039,0.5909090638160706,0.6488921642303467
140,33.32913589477539,0.6284090876579285,0.6839746236801147,33.237403869628906,0.581818163394928,0.6490161418914795
141,33.23738098144531,0.6227272748947144,0.6601860523223877,33.118690490722656,0.581818163394928,0.6520336866378784
142,33.10273361206055,0.6261363625526428,0.6768543720245361,33.001014709472656,0.5954545736312866,0.6503389477729797
143,32.9869499206543,0.6147727370262146,0.6713480949401855,32.883766174316406,0.6000000238418579,0.6492228507995605
144,32.89777755737305,0.6034091114997864,0.6440780162811279,32.76668167114258,0.6045454740524292,0.6513310074806213
145,32.7563362121582,0.6227272748947144,0.6652582287788391,32.650970458984375,0.6045454740524292,0.6523644328117371
146,32.63753890991211,0.6181818246841431,0.6728203296661377,32.53457260131836,0.6090909242630005,0.6519510746002197
147,32.53173065185547,0.5988636612892151,0.6612681150436401,32.4183235168457,0.6136363744735718,0.6545138955116272
148,32.4155387878418,0.6227272748947144,0.6684839725494385,32.30300521850586,0.6090909242630005,0.6521577835083008
149,32.27912902832031,0.6409090757369995,0.6782593727111816,32.18879699707031,0.6090909242630005,0.650545597076416
150,32.212860107421875,0.6022727489471436,0.6441761255264282,32.07455062866211,0.6045454740524292,0.65004962682724
151,32.067832946777344,0.6204545497894287,0.6667536497116089,31.960153579711914,0.6045454740524292,0.6491402387619019
152,31.953052520751953,0.6204545497894287,0.6718453168869019,31.845558166503906,0.6045454740524292,0.6498016119003296
153,31.83900260925293,0.6215909123420715,0.6686751246452332,31.732036590576172,0.6045454740524292,0.6496362686157227
154,31.698619842529297,0.6386363506317139,0.6895041465759277,31.617900848388672,0.6090909242630005,0.6533151268959045
155,31.586692810058594,0.644318163394928,0.6867639422416687,31.504722595214844,0.6090909242630005,0.6523230671882629
156,31.475357055664062,0.6318181753158569,0.6802582740783691,31.391969680786133,0.6045454740524292,0.6536045074462891
157,31.399084091186523,0.6204545497894287,0.6611827611923218,31.279922485351562,0.6045454740524292,0.6524471640586853
158,31.272113800048828,0.6159090995788574,0.6678770780563354,31.167346954345703,0.6045454740524292,0.6511243581771851
159,31.144277572631836,0.6284090876579285,0.6833186745643616,31.05517578125,0.6090909242630005,0.6492229104042053
160,31.062236785888672,0.6181818246841431,0.6551679372787476,30.942548751831055,0.6136363744735718,0.651496410369873
161,30.912931442260742,0.625,0.6850206851959229,30.830673217773438,0.6181818246841431,0.6536871194839478
162,30.788726806640625,0.6488636136054993,0.7007128000259399,30.720117568969727,0.6136363744735718,0.6538938283920288
163,30.704347610473633,0.6204545497894287,0.6779829263687134,30.609403610229492,0.6136363744735718,0.6515790224075317
164,30.621829986572266,0.6193181872367859,0.6581146717071533,30.498046875,0.6090909242630005,0.6543072462081909
165,30.475631713867188,0.6147727370262146,0.6809271574020386,30.38837432861328,0.6181818246841431,0.6536458730697632
166,30.360424041748047,0.6420454382896423,0.6876627206802368,30.278949737548828,0.6136363744735718,0.6526124477386475
167,30.250715255737305,0.6261363625526428,0.6792070865631104,30.169530868530273,0.6136363744735718,0.6531498432159424
168,30.165576934814453,0.6204545497894287,0.678261935710907,30.061084747314453,0.6090909242630005,0.6518684029579163
169,30.081722259521484,0.5897727012634277,0.649093508720398,29.952627182006836,0.6090909242630005,0.6518684029579163
170,29.955549240112305,0.6159090995788574,0.6662758588790894,29.84494400024414,0.6181818246841431,0.6519510746002197
171,29.807615280151367,0.6465908885002136,0.7030346393585205,29.736352920532227,0.6227272748947144,0.6540178060531616
172,29.727046966552734,0.6340909004211426,0.670612096786499,29.628856658935547,0.6227272748947144,0.6528190970420837
173,29.59090232849121,0.637499988079071,0.6931482553482056,29.5213565826416,0.6227272748947144,0.6546792984008789
174,29.479753494262695,0.644318163394928,0.7038042545318604,29.413856506347656,0.6181818246841431,0.6555472612380981
175,29.39609146118164,0.637499988079071,0.6823606491088867,29.306917190551758,0.6227272748947144,0.654265820980072
176,29.282766342163086,0.644318163394928,0.6894732117652893,29.200292587280273,0.6181818246841431,0.6522817611694336
177,29.23711395263672,0.6022727489471436,0.6401704549789429,29.09418487548828,0.6181818246841431,0.653769850730896
178,29.090892791748047,0.6204545497894287,0.6653951406478882,28.990137100219727,0.6181818246841431,0.6519923210144043
179,28.943418502807617,0.6534090638160706,0.7101370096206665,28.883975982666016,0.6181818246841431,0.6511243581771851
180,28.872142791748047,0.6170454621315002,0.6746668219566345,28.77817153930664,0.6181818246841431,0.6507523059844971
181,28.741262435913086,0.6340909004211426,0.6969137191772461,28.6724910736084,0.6136363744735718,0.651868462562561
182,28.670621871948242,0.6204545497894287,0.6736518740653992,28.56882095336914,0.6181818246841431,0.6488508582115173
183,28.527645111083984,0.6499999761581421,0.7064333558082581,28.464921951293945,0.6181818246841431,0.6488094925880432
184,28.465456008911133,0.605681836605072,0.658440113067627,28.361919403076172,0.6181818246841431,0.6473214626312256
185,28.328317642211914,0.6284090876579285,0.686133861541748,28.257850646972656,0.6181818246841431,0.648644208908081
186,28.254100799560547,0.5965909361839294,0.6657850742340088,28.154237747192383,0.6181818246841431,0.6474040746688843
187,28.098983764648438,0.6522727012634277,0.7129493951797485,28.04908561706543,0.6227272748947144,0.6497188806533813
188,28.017892837524414,0.6409090757369995,0.6943310499191284,27.945484161376953,0.6181818246841431,0.6511243581771851
189,27.893253326416016,0.6465908885002136,0.7092123031616211,27.843141555786133,0.6227272748947144,0.6533151865005493
190,27.813846588134766,0.6306818127632141,0.6856069564819336,27.740644454956055,0.6136363744735718,0.6532738208770752
191,27.735658645629883,0.6215909123420715,0.6712164282798767,27.639135360717773,0.6181818246841431,0.6536871194839478
192,27.59734535217285,0.6409090757369995,0.7004287242889404,27.53865623474121,0.6272727251052856,0.6510416269302368
193,27.494733810424805,0.6488636136054993,0.6976549625396729,27.436668395996094,0.6272727251052856,0.6515376567840576
194,27.410552978515625,0.6318181753158569,0.6920713186264038,27.337007522583008,0.6090909242630005,0.6478174924850464
195,27.313594818115234,0.6272727251052856,0.6825026273727417,27.236099243164062,0.6136363744735718,0.6476107835769653
196,27.225576400756836,0.6238636374473572,0.674297571182251,27.135250091552734,0.6136363744735718,0.6483961939811707
197,27.126066207885742,0.625,0.6789823770523071,27.0342960357666,0.6227272748947144,0.6495535373687744
198,27.002532958984375,0.6306818127632141,0.6950955986976624,26.933856964111328,0.6227272748947144,0.6496362686157227
199,26.899703979492188,0.6261363625526428,0.6987112760543823,26.83440589904785,0.6272727251052856,0.6488508582115173
200,26.8394775390625,0.6227272748947144,0.6700077056884766,26.735822677612305,0.6136363744735718,0.6499255895614624
201,26.688682556152344,0.6363636255264282,0.7058367729187012,26.636995315551758,0.6090909242630005,0.6497188806533813
202,26.60866928100586,0.6261363625526428,0.6900825500488281,26.53926658630371,0.6045454740524292,0.6473214030265808
203,26.486446380615234,0.6534090638160706,0.7088817358016968,26.440664291381836,0.6181818246841431,0.6460813283920288
204,26.416988372802734,0.6306818127632141,0.6772624254226685,26.341960906982422,0.6181818246841431,0.6468667387962341
205,26.3352108001709,0.6102272868156433,0.668595016002655,26.242996215820312,0.6136363744735718,0.648065447807312
206,26.180160522460938,0.6511363387107849,0.7158910632133484,26.144798278808594,0.6136363744735718,0.6491814851760864
207,26.124364852905273,0.6534090638160706,0.6933832764625549,26.04790496826172,0.6136363744735718,0.6494295597076416
208,26.012928009033203,0.6534090638160706,0.7004726529121399,25.951169967651367,0.6136363744735718,0.6480242013931274
209,25.921659469604492,0.637499988079071,0.6915392875671387,25.853830337524414,0.6090909242630005,0.6481481790542603
210,25.837646484375,0.6136363744735718,0.6794189214706421,25.756486892700195,0.6181818246841431,0.6486028432846069
211,25.766870498657227,0.6136363744735718,0.6660020351409912,25.65980339050293,0.6136363744735718,0.6507523655891418
212,25.630794525146484,0.6420454382896423,0.6889979243278503,25.564231872558594,0.6136363744735718,0.6519097089767456
213,25.536239624023438,0.6431818008422852,0.691417932510376,25.469083786010742,0.6045454740524292,0.6500083208084106
214,25.479543685913086,0.6215909123420715,0.6612344980239868,25.374561309814453,0.6045454740524292,0.6497189402580261
215,25.3840274810791,0.6079545617103577,0.6571203470230103,25.279184341430664,0.6045454740524292,0.6480655670166016
216,25.218786239624023,0.6545454263687134,0.7151755690574646,25.184389114379883,0.6000000238418579,0.6484375
217,25.122766494750977,0.6420454382896423,0.7150025367736816,25.090274810791016,0.6136363744735718,0.6478587985038757
218,25.063480377197266,0.6420454382896423,0.688042402267456,24.995798110961914,0.6090909242630005,0.6485201716423035
219,24.95708656311035,0.6306818127632141,0.6957747936248779,24.902170181274414,0.6045454740524292,0.6462880373001099
220,24.847558975219727,0.6534090638160706,0.7081198692321777,24.807323455810547,0.6136363744735718,0.6497189998626709
221,24.78316307067871,0.6284090876579285,0.6871100664138794,24.712284088134766,0.6181818246841431,0.6521990895271301
222,24.673114776611328,0.6386363506317139,0.6959813833236694,24.618000030517578,0.6181818246841431,0.6520750522613525
223,24.580440521240234,0.6454545259475708,0.7023786306381226,24.524681091308594,0.6227272748947144,0.6528604030609131
224,24.483516693115234,0.6522727012634277,0.7042096853256226,24.432165145874023,0.6181818246841431,0.6493881940841675
225,24.379405975341797,0.6318181753158569,0.707959771156311,24.337902069091797,0.6136363744735718,0.6492229700088501
226,24.29172134399414,0.6522727012634277,0.7048656940460205,24.245080947875977,0.6136363744735718,0.6506696939468384
227,24.19627571105957,0.6534090638160706,0.7154417037963867,24.153959274291992,0.6045454740524292,0.6520750522613525
228,24.1351261138916,0.6136363744735718,0.6847081780433655,24.063081741333008,0.6136363744735718,0.6513310074806213
229,24.033309936523438,0.6465908885002136,0.6928331255912781,23.971240997314453,0.6227272748947144,0.6523231267929077
230,23.940322875976562,0.6363636255264282,0.6990805864334106,23.879898071289062,0.6181818246841431,0.6512483358383179
231,23.828689575195312,0.6477272510528564,0.7083780765533447,23.789791107177734,0.6227272748947144,0.651289701461792
232,23.76593780517578,0.6113636493682861,0.6780991554260254,23.6993350982666,0.6272727251052856,0.6516203880310059
233,23.641498565673828,0.6420454382896423,0.7157283425331116,23.609285354614258,0.6227272748947144,0.6502562761306763
234,23.581815719604492,0.6159090995788574,0.6890573501586914,23.5189266204834,0.6181818246841431,0.6507936716079712
235,23.50244140625,0.6147727370262146,0.6726679801940918,23.429494857788086,0.6136363744735718,0.6500909924507141
236,23.397018432617188,0.6352272629737854,0.6949096918106079,23.339155197143555,0.6181818246841431,0.650917649269104
237,23.309192657470703,0.6352272629737854,0.6925826072692871,23.250560760498047,0.6136363744735718,0.6503390073776245
238,23.207576751708984,0.6363636255264282,0.7018285393714905,23.16214942932129,0.6090909242630005,0.6488922834396362
239,23.077144622802734,0.6693181991577148,0.735379695892334,23.073841094970703,0.6045454740524292,0.6477347612380981
240,23.03133201599121,0.6465908885002136,0.702874481678009,22.98672103881836,0.6045454740524292,0.6462053060531616
241,22.962488174438477,0.6556817889213562,0.7059168219566345,22.900041580200195,0.6000000238418579,0.6426091194152832
242,22.843597412109375,0.6590909361839294,0.7089720964431763,22.811052322387695,0.6045454740524292,0.6431878209114075
243,22.807153701782227,0.6159090995788574,0.6709091067314148,22.722339630126953,0.6045454740524292,0.6448412537574768
244,22.677650451660156,0.6488636136054993,0.7096333503723145,22.63343620300293,0.6090909242630005,0.6467427611351013
245,22.594392776489258,0.6477272510528564,0.7028899192810059,22.544300079345703,0.6090909242630005,0.649016261100769
246,22.479700088500977,0.6602272987365723,0.7235434055328369,22.455005645751953,0.6181818246841431,0.652901828289032
247,22.429244995117188,0.6409090757369995,0.705046534538269,22.367176055908203,0.6090909242630005,0.6523643732070923
248,22.330398559570312,0.6534090638160706,0.7037396430969238,22.279054641723633,0.6181818246841431,0.652819037437439
249,22.236713409423828,0.644318163394928,0.7092897891998291,22.192602157592773,0.6272727251052856,0.6512896418571472
250,22.15988540649414,0.6477272510528564,0.7018723487854004,22.107603073120117,0.6181818246841431,0.6492642164230347
251,22.069475173950195,0.6522727012634277,0.7026445865631104,22.021488189697266,0.6181818246841431,0.6493055820465088
252,21.973526000976562,0.6431818008422852,0.711699366569519,21.935392379760742,0.6272727251052856,0.6483547687530518
253,21.898408889770508,0.6431818008422852,0.7032333612442017,21.849830627441406,0.6181818246841431,0.6487681865692139
254,21.828411102294922,0.6306818127632141,0.6913042068481445,21.765077590942383,0.6227272748947144,0.6458747386932373
255,21.741519927978516,0.6511363387107849,0.6990805864334106,21.680944442749023,0.6318181753158569,0.6471560597419739
256,21.631471633911133,0.6522727012634277,0.7186673283576965,21.595951080322266,0.6318181753158569,0.6480242013931274
257,21.54642677307129,0.6522727012634277,0.7135175466537476,21.510984420776367,0.6272727251052856,0.6487681865692139
258,21.47974967956543,0.6431818008422852,0.6940340995788574,21.426128387451172,0.6227272748947144,0.6517443656921387
259,21.376359939575195,0.6545454263687134,0.7099148035049438,21.340808868408203,0.6181818246841431,0.6542245149612427
260,21.30106544494629,0.6295454502105713,0.700121283531189,21.256425857543945,0.6181818246841431,0.6545552015304565
261,21.229291915893555,0.6261363625526428,0.6952660083770752,21.172914505004883,0.6181818246841431,0.6553819179534912
262,21.136688232421875,0.6477272510528564,0.7081198692321777,21.089872360229492,0.6181818246841431,0.6559193134307861
263,21.065059661865234,0.6454545259475708,0.7044060230255127,21.007959365844727,0.6181818246841431,0.6543485522270203
264,20.981826782226562,0.6465908885002136,0.6900516152381897,20.925785064697266,0.6227272748947144,0.6539351940155029
265,20.908660888671875,0.6522727012634277,0.6962602734565735,20.843061447143555,0.6227272748947144,0.6548858880996704
266,20.80051040649414,0.637499988079071,0.7068336009979248,20.761381149291992,0.6227272748947144,0.6548032164573669
267,20.710323333740234,0.6522727012634277,0.7171410322189331,20.679805755615234,0.6227272748947144,0.6548858880996704
268,20.621854782104492,0.6647727489471436,0.7217071652412415,20.599002838134766,0.6136363744735718,0.6556299328804016
269,20.563119888305664,0.6454545259475708,0.7105526924133301,20.518720626831055,0.6045454740524292,0.6541418433189392
270,20.472314834594727,0.644318163394928,0.709770143032074,20.438182830810547,0.6045454740524292,0.6526124477386475
271,20.380470275878906,0.6363636255264282,0.7101213932037354,20.35713768005371,0.6090909242630005,0.652736485004425
272,20.340505599975586,0.6272727251052856,0.6856792569160461,20.275928497314453,0.6136363744735718,0.6527777910232544
273,20.217687606811523,0.6579545736312866,0.7148889899253845,20.195919036865234,0.6136363744735718,0.6518270373344421
274,20.1572208404541,0.6522727012634277,0.7081327438354492,20.115886688232422,0.6136363744735718,0.6506903171539307
275,20.087825775146484,0.6522727012634277,0.7002401947975159,20.036544799804688,0.6045454740524292,0.6517443656921387
276,19.977436065673828,0.6488636136054993,0.7203512191772461,19.956573486328125,0.6090909242630005,0.650917649269104
277,19.91118812561035,0.6522727012634277,0.7034916877746582,19.87676239013672,0.6045454740524292,0.650710940361023
278,19.801673889160156,0.6715909242630005,0.7384167909622192,19.79754066467285,0.6090909242630005,0.6500909328460693
279,19.741533279418945,0.6579545736312866,0.7196048498153687,19.718175888061523,0.6090909242630005,0.6498016119003296
280,19.662473678588867,0.6636363863945007,0.7229958772659302,19.638389587402344,0.6136363744735718,0.6514963507652283
281,19.588092803955078,0.6465908885002136,0.7144266366958618,19.558670043945312,0.6227272748947144,0.6541831493377686
282,19.546995162963867,0.6454545259475708,0.6886544227600098,19.480770111083984,0.6227272748947144,0.6534391641616821
283,19.436471939086914,0.6454545259475708,0.7106637358665466,19.403900146484375,0.6181818246841431,0.6502975821495056
284,19.343271255493164,0.6465908885002136,0.7221022844314575,19.325889587402344,0.6090909242630005,0.6514550447463989
285,19.275453567504883,0.6431818008422852,0.712859034538269,19.24764060974121,0.6227272748947144,0.6526538133621216
286,19.216468811035156,0.6431818008422852,0.7000929713249207,19.170541763305664,0.6181818246841431,0.6515376567840576
287,19.09139060974121,0.6761363744735718,0.7418698072433472,19.093412399291992,0.6136363744735718,0.6506696343421936
288,19.025480270385742,0.6693181991577148,0.7330914735794067,19.015840530395508,0.6136363744735718,0.6515790224075317
289,18.97869300842285,0.6522727012634277,0.7066167593002319,18.939184188842773,0.6136363744735718,0.6519509553909302
290,18.897666931152344,0.6511363387107849,0.7115134596824646,18.861661911010742,0.6227272748947144,0.6544725298881531
291,18.814071655273438,0.644318163394928,0.719046950340271,18.78565788269043,0.6227272748947144,0.653976559638977
292,18.729232788085938,0.6568182110786438,0.721392035484314,18.709951400756836,0.6227272748947144,0.6532324552536011
293,18.643272399902344,0.6522727012634277,0.718930721282959,18.63422393798828,0.6227272748947144,0.6517030000686646
294,18.56764793395996,0.6602272987365723,0.7324844598770142,18.558544158935547,0.6136363744735718,0.6510416865348816
295,18.549545288085938,0.6295454502105713,0.6822597980499268,18.48381805419922,0.6090909242630005,0.648230791091919
296,18.418773651123047,0.6647727489471436,0.7257541418075562,18.409400939941406,0.5954545736312866,0.6483547687530518
297,18.371702194213867,0.6363636255264282,0.6969963908195496,18.334346771240234,0.6000000238418579,0.649181604385376
298,18.295591354370117,0.6568182110786438,0.7073192596435547,18.258525848388672,0.6136363744735718,0.6533564329147339
299,18.216718673706055,0.6602272987365723,0.7178072929382324,18.183059692382812,0.6181818246841431,0.6564153432846069
300,18.137102127075195,0.6556817889213562,0.7166296243667603,18.108413696289062,0.6227272748947144,0.6563739776611328
301,18.081695556640625,0.6522727012634277,0.7029622793197632,18.0340518951416,0.6227272748947144,0.6558366417884827
302,17.983646392822266,0.6556817889213562,0.7223657369613647,17.960735321044922,0.6181818246841431,0.6551339626312256
303,17.930973052978516,0.6420454382896423,0.7036260962486267,17.887861251831055,0.6181818246841431,0.654348611831665
304,17.835723876953125,0.6511363387107849,0.7180474996566772,17.814250946044922,0.6181818246841431,0.6540179252624512
305,17.771581649780273,0.6420454382896423,0.7147598266601562,17.740562438964844,0.6181818246841431,0.6546792387962341
306,17.675050735473633,0.6670454740524292,0.7331740856170654,17.667646408081055,0.6227272748947144,0.65625
307,17.608566284179688,0.6511363387107849,0.7186518311500549,17.594974517822266,0.6181818246841431,0.6562913656234741
308,17.549959182739258,0.6670454740524292,0.7215986847877502,17.523067474365234,0.6227272748947144,0.6543071866035461
309,17.488311767578125,0.6579545736312866,0.7105604410171509,17.450742721557617,0.6181818246841431,0.6541831493377686
310,17.40628433227539,0.6352272629737854,0.7117329835891724,17.3789005279541,0.6181818246841431,0.6538112163543701
311,17.309467315673828,0.6590909361839294,0.7322598695755005,17.307737350463867,0.6181818246841431,0.652033805847168
312,17.268604278564453,0.6602272987365723,0.7141735553741455,17.237060546875,0.6272727251052856,0.6492228507995605
313,17.160240173339844,0.6886363625526428,0.7426834106445312,17.166074752807617,0.6227272748947144,0.6481068134307861
314,17.109451293945312,0.6647727489471436,0.7217742204666138,17.093482971191406,0.6227272748947144,0.6525297164916992
315,17.053125381469727,0.6522727012634277,0.7187216281890869,17.022642135620117,0.6272727251052856,0.6529844403266907
316,16.969255447387695,0.6625000238418579,0.7217587232589722,16.951692581176758,0.6227272748947144,0.6557126045227051
317,16.87510871887207,0.6613636612892151,0.7411131858825684,16.881301879882812,0.6227272748947144,0.6549272537231445
318,16.835878372192383,0.6590909361839294,0.7205837368965149,16.81165313720703,0.6318181753158569,0.653397798538208
319,16.755409240722656,0.6534090638160706,0.720335841178894,16.743040084838867,0.6227272748947144,0.6513724327087402
320,16.691808700561523,0.6477272510528564,0.718806803226471,16.67405891418457,0.6136363744735718,0.650917649269104
321,16.63361930847168,0.6511363387107849,0.7100335955619812,16.604890823364258,0.6136363744735718,0.6489748954772949
322,16.547761917114258,0.6522727012634277,0.7246565818786621,16.5362491607666,0.6136363744735718,0.6476934552192688
323,16.470680236816406,0.6727272868156433,0.729155421257019,16.466960906982422,0.6136363744735718,0.6482722163200378
324,16.387548446655273,0.6704545617103577,0.7350646257400513,16.396583557128906,0.6181818246841431,0.650710940361023
325,16.341413497924805,0.6659091114997864,0.7240986824035645,16.328094482421875,0.6181818246841431,0.6514136791229248
326,16.269813537597656,0.6715909242630005,0.7296849489212036,16.262226104736328,0.6136363744735718,0.6489748358726501
327,16.219863891601562,0.6318181753158569,0.7056198120117188,16.193500518798828,0.6136363744735718,0.6498428583145142
328,16.140731811523438,0.6511363387107849,0.7184968590736389,16.125072479248047,0.6136363744735718,0.6515377163887024
329,16.03960609436035,0.6727272868156433,0.7438662052154541,16.058298110961914,0.6090909242630005,0.6529844999313354
330,15.995227813720703,0.6409090757369995,0.7204390168190002,15.990862846374512,0.6090909242630005,0.6532738208770752
331,15.950996398925781,0.6272727251052856,0.7064229846000671,15.92442512512207,0.6136363744735718,0.6527777910232544
332,15.871206283569336,0.6625000238418579,0.7224922776222229,15.857300758361816,0.6045454740524292,0.6494295597076416
333,15.792740821838379,0.6715909242630005,0.7299535274505615,15.790562629699707,0.6090909242630005,0.6500495672225952
334,15.711023330688477,0.6818181872367859,0.740123987197876,15.723126411437988,0.6090909242630005,0.6493881940841675
335,15.66663932800293,0.6727272868156433,0.7232722043991089,15.656580924987793,0.6181818246841431,0.6491815447807312
336,15.562180519104004,0.6818181872367859,0.747672975063324,15.590351104736328,0.6136363744735718,0.6484375
337,15.531371116638184,0.6488636136054993,0.7294214963912964,15.523734092712402,0.6136363744735718,0.6494295597076416
338,15.433713912963867,0.6875,0.7497159242630005,15.459867477416992,0.6045454740524292,0.6468666791915894
339,15.40257453918457,0.6647727489471436,0.7218259572982788,15.3962984085083,0.6090909242630005,0.6448826193809509
340,15.32986831665039,0.6431818008422852,0.7122882604598999,15.330430030822754,0.6090909242630005,0.6464120149612427
341,15.260600090026855,0.6727272868156433,0.7337526082992554,15.26519775390625,0.6090909242630005,0.6462880373001099
342,15.194446563720703,0.6590909361839294,0.7212422490119934,15.198830604553223,0.6090909242630005,0.6474040746688843
343,15.136994361877441,0.6602272987365723,0.7222598195075989,15.132004737854004,0.6090909242630005,0.6492642164230347
344,15.056173324584961,0.6772727370262146,0.7411879897117615,15.0659818649292,0.6136363744735718,0.6500082612037659
345,14.97860336303711,0.6909090876579285,0.7547184228897095,15.000299453735352,0.6090909242630005,0.6498842239379883
346,14.917154312133789,0.6693181991577148,0.7413352727890015,14.935311317443848,0.6181818246841431,0.6481068134307861
347,14.890793800354004,0.6670454740524292,0.7198321223258972,14.870772361755371,0.6181818246841431,0.6496775150299072
348,14.822358131408691,0.6534090638160706,0.7210021018981934,14.806222915649414,0.6272727251052856,0.6519510746002197
349,14.750575065612793,0.6545454263687134,0.7222366333007812,14.743670463562012,0.6227272748947144,0.6528604030609131
350,14.666040420532227,0.6693181991577148,0.7364668846130371,14.680440902709961,0.6318181753158569,0.6499669551849365
351,14.641134262084961,0.644318163394928,0.705883264541626,14.617365837097168,0.6318181753158569,0.6486855149269104
352,14.535237312316895,0.668181836605072,0.7452917695045471,14.55432415008545,0.6227272748947144,0.6476107835769653
353,14.506463050842285,0.6568182110786438,0.7205991744995117,14.490669250488281,0.6318181753158569,0.6467427611351013
354,14.451285362243652,0.6340909004211426,0.7079674005508423,14.427891731262207,0.6363636255264282,0.645957350730896
355,14.371271133422852,0.6647727489471436,0.730061948299408,14.364877700805664,0.6227272748947144,0.6472387313842773
356,14.29954719543457,0.6727272868156433,0.7389488220214844,14.302183151245117,0.6272727251052856,0.6465774178504944
357,14.246221542358398,0.6704545617103577,0.7277092933654785,14.240559577941895,0.6318181753158569,0.645378589630127
358,14.179170608520508,0.6897727251052856,0.7351188659667969,14.178666114807129,0.6227272748947144,0.6457920074462891
359,14.110671043395996,0.6636363863945007,0.7323424816131592,14.117030143737793,0.6318181753158569,0.6446345448493958
360,14.022350311279297,0.6863636374473572,0.7524095773696899,14.054920196533203,0.6272727251052856,0.6477347612380981
361,13.953065872192383,0.6897727251052856,0.7637680768966675,13.993226051330566,0.6272727251052856,0.6468667984008789
362,13.915169715881348,0.6647727489471436,0.7385330200195312,13.930685043334961,0.6318181753158569,0.6507523059844971
363,13.873510360717773,0.6534090638160706,0.7217226028442383,13.869253158569336,0.6227272748947144,0.6527364253997803
364,13.809743881225586,0.6772727370262146,0.7322572469711304,13.808553695678711,0.6136363744735718,0.6523644328117371
365,13.756552696228027,0.6738636493682861,0.7281275987625122,13.748167037963867,0.6227272748947144,0.6513310074806213
366,13.67640495300293,0.6784090995788574,0.7430992126464844,13.688179969787598,0.6272727251052856,0.6505043506622314
367,13.646835327148438,0.6477272510528564,0.7177737355232239,13.629195213317871,0.6227272748947144,0.6471560597419739
368,13.549210548400879,0.6613636612892151,0.742716908454895,13.570481300354004,0.6272727251052856,0.6447173357009888
369,13.504359245300293,0.6488636136054993,0.7263636589050293,13.511115074157715,0.6318181753158569,0.645957350730896
370,13.460780143737793,0.6499999761581421,0.7224432229995728,13.451024055480957,0.6181818246841431,0.647776186466217
371,13.369887351989746,0.6670454740524292,0.7438558340072632,13.391473770141602,0.6181818246841431,0.6488508582115173
372,13.309036254882812,0.6784090995788574,0.7475361824035645,13.33206558227539,0.6181818246841431,0.6479414701461792
373,13.273504257202148,0.6636363863945007,0.7267820239067078,13.273235321044922,0.6272727251052856,0.6483134627342224
374,13.214828491210938,0.6727272868156433,0.7301653623580933,13.215909004211426,0.6318181753158569,0.6481895446777344
375,13.132028579711914,0.6965909004211426,0.745333194732666,13.158587455749512,0.6136363744735718,0.6485614776611328
376,13.097855567932129,0.6715909242630005,0.736438512802124,13.099835395812988,0.6181818246841431,0.648809552192688
377,13.041729927062988,0.6545454263687134,0.7254959344863892,13.042464256286621,0.6090909242630005,0.6507936716079712
378,12.971899032592773,0.6795454621315002,0.7409840226173401,12.984756469726562,0.6181818246841431,0.6512070298194885
379,12.898580551147461,0.6897727251052856,0.753481388092041,12.927292823791504,0.6181818246841431,0.6479827761650085
380,12.850447654724121,0.6829545497894287,0.7370584011077881,12.87022590637207,0.6181818246841431,0.6472387313842773
381,12.779200553894043,0.6738636493682861,0.755247950553894,12.812500953674316,0.6181818246841431,0.6483962535858154
382,12.781064987182617,0.6534090638160706,0.7094111442565918,12.75552749633789,0.6181818246841431,0.6493055820465088
383,12.694214820861816,0.6738636493682861,0.7368724346160889,12.698895454406738,0.6227272748947144,0.6489748954772949
384,12.597697257995605,0.6909090876579285,0.7561905384063721,12.642694473266602,0.6136363744735718,0.6502149701118469
385,12.569129943847656,0.6659091114997864,0.7310433387756348,12.587185859680176,0.6136363744735718,0.6503803730010986
386,12.512405395507812,0.6738636493682861,0.7392665147781372,12.530981063842773,0.6136363744735718,0.6509590148925781
387,12.458019256591797,0.6840909123420715,0.7432722449302673,12.47477912902832,0.6136363744735718,0.6500909328460693
388,12.403654098510742,0.6625000238418579,0.7373605966567993,12.419086456298828,0.6181818246841431,0.648644208908081
389,12.34134292602539,0.6784090995788574,0.7466580867767334,12.36172866821289,0.6136363744735718,0.6498016715049744
390,12.277764320373535,0.699999988079071,0.7531481981277466,12.30533218383789,0.6090909242630005,0.6468667387962341
391,12.232254981994629,0.6795454621315002,0.7363224029541016,12.249789237976074,0.6090909242630005,0.6478587985038757
392,12.170893669128418,0.6806818246841431,0.7480190992355347,12.195535659790039,0.6181818246841431,0.6504629850387573
393,12.133293151855469,0.6613636612892151,0.7329209446907043,12.140755653381348,0.6136363744735718,0.6511243581771851
394,12.0620698928833,0.6738636493682861,0.742804765701294,12.085284233093262,0.6181818246841431,0.6515790224075317
395,12.003063201904297,0.6727272868156433,0.7467355728149414,12.02991008758545,0.6227272748947144,0.6543072462081909
396,11.954652786254883,0.6829545497894287,0.7475154399871826,11.974416732788086,0.6318181753158569,0.654513955116272
397,11.899188041687012,0.6738636493682861,0.7491399645805359,11.919034004211426,0.6181818246841431,0.6510830521583557
398,11.841666221618652,0.6761363744735718,0.7438145875930786,11.86355972290039,0.6227272748947144,0.6518270969390869
399,11.798014640808105,0.6499999761581421,0.7333264350891113,11.80917739868164,0.6272727251052856,0.6519097089767456
400,11.709491729736328,0.6954545378684998,0.7621926665306091,11.756444931030273,0.6318181753158569,0.650917649269104
401,11.700080871582031,0.6465908885002136,0.7246926426887512,11.702986717224121,0.6227272748947144,0.6523231267929077
402,11.606087684631348,0.7102272510528564,0.7632024884223938,11.650334358215332,0.6181818246841431,0.6498429179191589
403,11.590014457702637,0.6636363863945007,0.7321900129318237,11.59703254699707,0.6181818246841431,0.6499669551849365
404,11.537731170654297,0.6784090995788574,0.7371565103530884,11.54297161102295,0.6272727251052856,0.6534804701805115
405,11.4371919631958,0.7045454382896423,0.7733367085456848,11.488951683044434,0.6227272748947144,0.6568700075149536
406,11.384454727172852,0.7045454382896423,0.7751549482345581,11.436446189880371,0.6227272748947144,0.6551339626312256
407,11.335031509399414,0.6909090876579285,0.7672004699707031,11.383318901062012,0.6227272748947144,0.6536458134651184
408,11.311199188232422,0.6613636612892151,0.7459891438484192,11.331184387207031,0.6181818246841431,0.6529017686843872
409,11.275212287902832,0.6693181991577148,0.7330319881439209,11.279952049255371,0.6181818246841431,0.6503803133964539
410,11.218279838562012,0.675000011920929,0.7404003143310547,11.227499961853027,0.6181818246841431,0.6516203880310059
411,11.145432472229004,0.6715909242630005,0.7516089677810669,11.176283836364746,0.6227272748947144,0.6522403955459595
412,11.089028358459473,0.6988636255264282,0.7583999633789062,11.125154495239258,0.6272727251052856,0.6508763432502747
413,11.028092384338379,0.6954545378684998,0.7682721614837646,11.074646949768066,0.6363636255264282,0.6499255895614624
414,11.014345169067383,0.6738636493682861,0.7338326573371887,11.024690628051758,0.6227272748947144,0.646164059638977
415,10.953333854675293,0.6659091114997864,0.7405836582183838,10.974547386169434,0.6318181753158569,0.6468667387962341
416,10.927261352539062,0.644318163394928,0.71875,10.922867774963379,0.6363636255264282,0.6497189402580261
417,10.860554695129395,0.6795454621315002,0.7418181300163269,10.8707857131958,0.6363636255264282,0.6529430747032166
418,10.809623718261719,0.6715909242630005,0.7323812246322632,10.819190979003906,0.6272727251052856,0.6550925970077515
419,10.765417098999023,0.6477272510528564,0.7212112545967102,10.769218444824219,0.6272727251052856,0.6550099849700928
420,10.687612533569336,0.699999988079071,0.7506508827209473,10.720024108886719,0.6318181753158569,0.6536871790885925
421,10.631555557250977,0.6886363625526428,0.7604545950889587,10.67028522491455,0.6272727251052856,0.6541831493377686
422,10.589993476867676,0.6875,0.7507308721542358,10.620999336242676,0.6227272748947144,0.6510003209114075
423,10.516783714294434,0.6909090876579285,0.7694344520568848,10.571670532226562,0.6181818246841431,0.6501322984695435
424,10.488126754760742,0.6886363625526428,0.7545764446258545,10.522324562072754,0.6136363744735718,0.648230791091919
425,10.458806037902832,0.6590909361839294,0.7342846393585205,10.472977638244629,0.6045454740524292,0.6490575075149536
426,10.388015747070312,0.6829545497894287,0.7559400796890259,10.423666000366211,0.6181818246841431,0.6499255895614624
427,10.34759521484375,0.6693181991577148,0.7442717552185059,10.374578475952148,0.6181818246841431,0.6512070298194885
428,10.298323631286621,0.6784090995788574,0.7442691326141357,10.325053215026855,0.6272727251052856,0.6517857313156128
429,10.228361129760742,0.6920454502105713,0.7707206010818481,10.276968002319336,0.6136363744735718,0.6517443656921387
430,10.189953804016113,0.6738636493682861,0.7552454471588135,10.229011535644531,0.6045454740524292,0.6519924402236938
431,10.140342712402344,0.7011363506317139,0.7587370872497559,10.181567192077637,0.6045454740524292,0.6490162014961243
432,10.079266548156738,0.699999988079071,0.7686208486557007,10.13370132446289,0.6045454740524292,0.650256335735321
433,10.032825469970703,0.6909090876579285,0.7707825899124146,10.084867477416992,0.6045454740524292,0.6519097089767456
434,10.006589889526367,0.6795454621315002,0.749935507774353,10.037552833557129,0.6000000238418579,0.6510417461395264
435,9.975062370300293,0.6715909242630005,0.7380501627922058,9.989748001098633,0.6000000238418579,0.6531911492347717
436,9.909448623657227,0.6727272868156433,0.7493879199028015,9.941742897033691,0.6136363744735718,0.6532738208770752
437,9.884780883789062,0.6488636136054993,0.7275980710983276,9.894835472106934,0.6136363744735718,0.6509590148925781
438,9.790631294250488,0.6772727370262146,0.7662137746810913,9.848386764526367,0.6090909242630005,0.6499255895614624
439,9.779755592346191,0.6693181991577148,0.741464376449585,9.80181884765625,0.6136363744735718,0.6485201716423035
440,9.715516090393066,0.675000011920929,0.7534581422805786,9.754368782043457,0.6136363744735718,0.6524884700775146
441,9.687171936035156,0.6738636493682861,0.7407127618789673,9.706716537475586,0.6272727251052856,0.6550925970077515
442,9.59024429321289,0.6965909004211426,0.7829364538192749,9.661231994628906,0.6181818246841431,0.6535218358039856
443,9.572742462158203,0.6840909123420715,0.7590935230255127,9.615354537963867,0.6090909242630005,0.6521577835083008
444,9.538130760192871,0.6738636493682861,0.7490599155426025,9.568676948547363,0.6090909242630005,0.6527777910232544
445,9.480439186096191,0.7022727131843567,0.7652866840362549,9.522293090820312,0.6136363744735718,0.6552579402923584
446,9.415816307067871,0.706818163394928,0.7751471996307373,9.47726058959961,0.6045454740524292,0.6542245745658875
447,9.392134666442871,0.7034090757369995,0.7590882778167725,9.432968139648438,0.6045454740524292,0.6513310670852661
448,9.320964813232422,0.6977272629737854,0.7801109552383423,9.388389587402344,0.6000000238418579,0.6499669551849365
449,9.294968605041504,0.6897727251052856,0.7637861967086792,9.343525886535645,0.6000000238418579,0.6495949029922485
450,9.265264511108398,0.6784090995788574,0.7479287385940552,9.299297332763672,0.6000000238418579,0.6496776342391968
451,9.211069107055664,0.6852272748947144,0.7595841884613037,9.253800392150879,0.6000000238418579,0.6503390073776245
452,9.147628784179688,0.7136363387107849,0.7755811214447021,9.208667755126953,0.6000000238418579,0.6521164178848267
453,9.163717269897461,0.6534090638160706,0.7186543941497803,9.164177894592285,0.6000000238418579,0.6515790224075317
454,9.066924095153809,0.6875,0.7606766223907471,9.120445251464844,0.6000000238418579,0.6520750522613525
455,9.019749641418457,0.6943181753158569,0.7685486078262329,9.075875282287598,0.6000000238418579,0.6538524627685547
456,9.000925064086914,0.6784090995788574,0.748447835445404,9.03093147277832,0.6045454740524292,0.6558780074119568
457,8.949315071105957,0.6784090995788574,0.7563068270683289,8.986474990844727,0.6181818246841431,0.6569113731384277
458,8.913382530212402,0.668181836605072,0.7478771805763245,8.94335651397705,0.6136363744735718,0.655877947807312
459,8.840364456176758,0.7011363506317139,0.7783032655715942,8.899788856506348,0.6136363744735718,0.6550099849700928
460,8.796055793762207,0.6931818127632141,0.7737009525299072,8.856412887573242,0.6181818246841431,0.655505895614624
461,8.795748710632324,0.6545454263687134,0.7310588359832764,8.814130783081055,0.6136363744735718,0.6550098657608032
462,8.729687690734863,0.6840909123420715,0.7536879777908325,8.771803855895996,0.6136363744735718,0.6544725894927979
463,8.681737899780273,0.6715909242630005,0.7575104236602783,8.729244232177734,0.6090909242630005,0.6539351940155029
464,8.648695945739746,0.6693181991577148,0.7446771860122681,8.686495780944824,0.6090909242630005,0.6536458134651184
465,8.614012718200684,0.668181836605072,0.7491865158081055,8.644519805908203,0.6136363744735718,0.6515377163887024
466,8.543851852416992,0.7124999761581421,0.7721978425979614,8.601705551147461,0.6090909242630005,0.6530672311782837
467,8.530805587768555,0.6818181872367859,0.7457644939422607,8.559037208557129,0.6045454740524292,0.6553406715393066
468,8.486104965209961,0.6829545497894287,0.7506611347198486,8.518118858337402,0.6045454740524292,0.6522403955459595
469,8.410387992858887,0.699999988079071,0.7781508564949036,8.477136611938477,0.6045454740524292,0.65166175365448
470,8.416523933410645,0.6772727370262146,0.7413997650146484,8.435969352722168,0.6090909242630005,0.6502976417541504
471,8.366689682006836,0.6840909123420715,0.7427970170974731,8.394923210144043,0.6136363744735718,0.6496776342391968
472,8.315719604492188,0.6829545497894287,0.7553770542144775,8.353184700012207,0.6227272748947144,0.6515376567840576
473,8.238923072814941,0.6977272629737854,0.7812370657920837,8.3126859664917,0.6227272748947144,0.6505869626998901
474,8.235906600952148,0.6806818246841431,0.7477144002914429,8.271186828613281,0.6227272748947144,0.6520751118659973
475,8.179121971130371,0.6875,0.758566677570343,8.231042861938477,0.6181818246841431,0.6523231267929077
476,8.107414245605469,0.7238636612892151,0.7878692746162415,8.19126033782959,0.6181818246841431,0.652157723903656
477,8.086840629577637,0.7113636136054993,0.7726988792419434,8.15075969696045,0.6181818246841431,0.6518684029579163
478,8.064849853515625,0.6965909004211426,0.7542018890380859,8.109236717224121,0.6090909242630005,0.653397798538208
479,8.015836715698242,0.6954545378684998,0.7623579502105713,8.06885051727295,0.6181818246841431,0.652033805847168
480,7.982444763183594,0.6875,0.7548296451568604,8.030521392822266,0.6136363744735718,0.6476934552192688
481,7.934807300567627,0.6943181753158569,0.7665624618530273,7.989711761474609,0.6136363744735718,0.6495949029922485
482,7.9017653465271,0.6852272748947144,0.7568517923355103,7.949164390563965,0.6045454740524292,0.6511242985725403
483,7.831124782562256,0.6863636374473572,0.7816296219825745,7.908973693847656,0.6045454740524292,0.65166175365448
484,7.818912506103516,0.6806818246841431,0.7635149955749512,7.869972229003906,0.6090909242630005,0.6512069702148438
485,7.7737016677856445,0.6920454502105713,0.768718957901001,7.831920146942139,0.6181818246841431,0.6517857313156128
486,7.758454322814941,0.6659091114997864,0.7496539354324341,7.794284820556641,0.6181818246841431,0.6523644328117371
487,7.699035167694092,0.668181836605072,0.7523967027664185,7.7573628425598145,0.6090909242630005,0.6508762836456299
488,7.655301570892334,0.6829545497894287,0.7644189596176147,7.716525077819824,0.6181818246841431,0.6519510746002197
489,7.594210624694824,0.7181817889213562,0.7869137525558472,7.676438331604004,0.6181818246841431,0.6536045074462891
490,7.594870090484619,0.6829545497894287,0.7550878524780273,7.637372970581055,0.6136363744735718,0.6543899774551392
491,7.555171966552734,0.6818181872367859,0.7523010969161987,7.598182201385498,0.6181818246841431,0.6557953357696533
492,7.534341812133789,0.675000011920929,0.7413067817687988,7.560434818267822,0.6136363744735718,0.6533151865005493
493,7.464757919311523,0.6886363625526428,0.763039767742157,7.523200988769531,0.6090909242630005,0.6513723731040955
494,7.427670955657959,0.6897727251052856,0.7610872983932495,7.486534118652344,0.6136363744735718,0.6502976417541504
495,7.404307842254639,0.6840909123420715,0.7518026828765869,7.449350357055664,0.6136363744735718,0.6525297164916992
496,7.353382587432861,0.6886363625526428,0.7635433673858643,7.4119439125061035,0.6181818246841431,0.6503390073776245
497,7.3088178634643555,0.6988636255264282,0.7722882032394409,7.374910831451416,0.6136363744735718,0.648644208908081
498,7.2620649337768555,0.6909090876579285,0.7747107148170471,7.336191654205322,0.6090909242630005,0.6501322388648987
499,7.239884376525879,0.6897727251052856,0.7621538639068604,7.297187805175781,0.6181818246841431,0.6504216194152832
